Title,rental_duration,rating,row_rank
"BLANKET BEVERLY",7,G,1
"BORROWERS BEDAZZLED",7,G,2
"BRIDE INTRIGUE",7,G,3
"CATCH AMISTAD",7,G,4
"CITIZEN SHREK",7,G,5
"COLDBLOODED DARLING",7,G,6
"CONTROL ANTHEM",7,G,7
"CRUELTY UNFORGIVEN",7,G,8
"DARN FORRESTER",7,G,9
"DESPERATE TRAINSPOTTING",7,G,10
"DIARY PANIC",7,G,11
"DRACULA CRYSTAL",7,G,12
"EMPIRE MALKOVICH",7,G,13
"FIREHOUSE VIETNAM",7,G,14
"GILBERT PELICAN",7,G,15
"GRADUATE LORD",7,G,16
"GREASE YOUTH",7,G,17
"GUN BONNIE",7,G,18
"HOOK CHARIOTS",7,G,19
"MARRIED GO",7,G,20
"MENAGERIE RUSHMORE",7,G,21
"MUSCLE BRIGHT",7,G,22
"OPERATION OPERATION",7,G,23
"PRIMARY GLASS",7,G,24
"REBEL AIRPORT",7,G,25
"SPIKING ELEMENT",7,G,26
"TRUMAN CRAZY",7,G,27
"WAKE JAWS",7,G,28
"WAR NOTTING",7,G,29
"AFRICAN EGG",6,G,30
"ALAMO VIDEOTAPE",6,G,31
"AMISTAD MIDSUMMER",6,G,32
"ATLANTIS CAUSE",6,G,33
"BALLROOM MOCKINGBIRD",6,G,34
"BARBARELLA STREETCAR",6,G,35
"BAREFOOT MANCHURIAN",6,G,36
"BEACH HEARTBREAKERS",6,G,37
"BIRD INDEPENDENCE",6,G,38
"CAPER MOTIONS",6,G,39
"CASABLANCA SUPER",6,G,40
"CHEAPER CLYDE",6,G,41
"CHITTY LOCK",6,G,42
"CLASH FREDDY",6,G,43
"COLOR PHILADELPHIA",6,G,44
"CONNECTION MICROCOSMOS",6,G,45
"DANCING FEVER",6,G,46
"DAZED PUNK",6,G,47
"DWARFS ALTER",6,G,48
"ENCINO ELF",6,G,49
"EXORCIST STING",6,G,50
"EXTRAORDINARY CONQUERER",6,G,51
"GHOST GROUNDHOG",6,G,52
"HAPPINESS UNITED",6,G,53
"HEAVYWEIGHTS BEAST",6,G,54
"HUNGER ROOF",6,G,55
"INTRIGUE WORST",6,G,56
"JAPANESE RUN",6,G,57
"LAWLESS VISION",6,G,58
"MALKOVICH PET",6,G,59
"MONTEREY LABYRINTH",6,G,60
"MOSQUITO ARMAGEDDON",6,G,61
"MUSSOLINI SPOILERS",6,G,62
"SASSY PACKER",6,G,63
"WARDROBE PHANTOM",6,G,64
"WARLOCK WEREWOLF",6,G,65
"WATERSHIP FRONTIER",6,G,66
"WEREWOLF LOLA",6,G,67
"YOUNG LANGUAGE",6,G,68
"AFFAIR PREJUDICE",5,G,69
"ARMAGEDDON LOST",5,G,70
"BEAUTY GREASE",5,G,71
"BIRDS PERDITION",5,G,72
"BLUES INSTINCT",5,G,73
"BREAKFAST GOLDFINGER",5,G,74
"CAT CONEHEADS",5,G,75
"CHISUM BEHAVIOR",5,G,76
"CROSSROADS CASUALTIES",5,G,77
"DADDY PITTSBURGH",5,G,78
"DAISY MENAGERIE",5,G,79
"DOGMA FAMILY",5,G,80
"DUFFEL APOCALYPSE",5,G,81
"EASY GLADIATOR",5,G,82
"EVE RESURRECTION",5,G,83
"FANTASIA PARK",5,G,84
"FIDELITY DEVIL",5,G,85
"FLATLINERS KILLER",5,G,86
"GOSFORD DONNIE",5,G,87
"HANGING DEEP",5,G,88
"HILLS NEIGHBORS",5,G,89
"HYDE DOCTOR",5,G,90
"MOONWALKER FOOL",5,G,91
"NOON PAPI",5,G,92
"RINGS HEARTBREAKERS",5,G,93
"SAINTS BRIDE",5,G,94
"SAMURAI LION",5,G,95
"SCISSORHANDS SLUMS",5,G,96
"SIDE ARK",5,G,97
"SLEEPLESS MONSOON",5,G,98
"SUMMER SCARFACE",5,G,99
"TRAFFIC HOBBIT",5,G,100
"WARS PLUTO",5,G,101
"BONNIE HOLOCAUST",4,G,102
"BUGSY SONG",4,G,103
"BULWORTH COMMANDMENTS",4,G,104
"BUNCH MINDS",4,G,105
"CONQUERER NUTS",4,G,106
"DESTINY SATURDAY",4,G,107
"DOCTOR GRAIL",4,G,108
"GLASS DYING",4,G,109
"GRAPES FURY",4,G,110
"HOCUS FRIDA",4,G,111
"JAWS HARRY",4,G,112
"JUMANJI BLADE",4,G,113
"KILL BROTHERHOOD",4,G,114
"MINORITY KISS",4,G,115
"MOB DUFFEL",4,G,116
"MULAN MOON",4,G,117
"NEWSIES STORY",4,G,118
"NOVOCAINE FLIGHT",4,G,119
"PANKY SUBMARINE",4,G,120
"PULP BEVERLY",4,G,121
"ROCK INSTINCT",4,G,122
"SAGEBRUSH CLUELESS",4,G,123
"SHINING ROSES",4,G,124
"SMILE EARRING",4,G,125
"SPOILERS HELLFIGHTERS",4,G,126
"SUICIDES SILENCE",4,G,127
"WATERFRONT DELIVERANCE",4,G,128
"WEST LION",4,G,129
"ACE GOLDFINGER",3,G,130
"ANGELS LIFE",3,G,131
"ANNIE IDENTITY",3,G,132
"AUTUMN CROW",3,G,133
"BAKED CLEOPATRA",3,G,134
"BLOOD ARGONAUTS",3,G,135
"BUTTERFLY CHOCOLAT",3,G,136
"CASUALTIES ENCINO",3,G,137
"CLERKS ANGELS",3,G,138
"DAY UNFAITHFUL",3,G,139
"DIVORCE SHINING",3,G,140
"DOWNHILL ENOUGH",3,G,141
"DRUMLINE CYCLONE",3,G,142
"DUDE BLINDNESS",3,G,143
"EXCITEMENT EVE",3,G,144
"FARGO GANDHI",3,G,145
"GARDEN ISLAND",3,G,146
"GOLDFINGER SENSIBILITY",3,G,147
"HARPER DYING",3,G,148
"HEARTBREAKERS BRIGHT",3,G,149
"HOOSIERS BIRDCAGE",3,G,150
"ITALIAN AFRICAN",3,G,151
"LIBERTY MAGNIFICENT",3,G,152
"LONELY ELEPHANT",3,G,153
"LOVER TRUMAN",3,G,154
"LUST LOCK",3,G,155
"MEET CHOCOLATE",3,G,156
"MIDNIGHT WESTWARD",3,G,157
"MIDSUMMER GROUNDHOG",3,G,158
"PACIFIC AMISTAD",3,G,159
"PANIC CLUB",3,G,160
"PICKUP DRIVING",3,G,161
"POTLUCK MIXED",3,G,162
"SATISFACTION CONFIDENTIAL",3,G,163
"SATURDAY LAMBS",3,G,164
"SECRETS PARADISE",3,G,165
"SNOWMAN ROLLERCOASTER",3,G,166
"STONE FIRE",3,G,167
"STRANGER STRANGERS",3,G,168
"SWEETHEARTS SUSPECTS",3,G,169
"TEEN APOLLO",3,G,170
"TIMBERLAND SKY",3,G,171
"TORQUE BOUND",3,G,172
"TRACY CIDER",3,G,173
"TRAP GUYS",3,G,174
"TURN STAR",3,G,175
"TYCOON GATHERING",3,G,176
"UNBREAKABLE KARATE",3,G,177
"VALLEY PACKER",3,G,178
"BLACKOUT PRIVATE",7,PG,1
"BOILED DARES",7,PG,2
"BORN SPINAL",7,PG,3
"BRINGING HYSTERICAL",7,PG,4
"BUCKET BROTHERHOOD",7,PG,5
"CARRIE BUNCH",7,PG,6
"CHASING FIGHT",7,PG,7
"CHINATOWN GLADIATOR",7,PG,8
"CIDER DESIRE",7,PG,9
"CRAZY HOME",7,PG,10
"CYCLONE FAMILY",7,PG,11
"DANGEROUS UPTOWN",7,PG,12
"GREEK EVERYONE",7,PG,13
"HEAVEN FREEDOM",7,PG,14
"HOLES BRANNIGAN",7,PG,15
"HOLLYWOOD ANONYMOUS",7,PG,16
"IRON MOON",7,PG,17
"JEDI BENEATH",7,PG,18
"LEGALLY SECRETARY",7,PG,19
"LEGEND JEDI",7,PG,20
"MIGHTY LUCK",7,PG,21
"MOON BUNCH",7,PG,22
"MULHOLLAND BEAST",7,PG,23
"MUSKETEERS WAIT",7,PG,24
"OKLAHOMA JUMANJI",7,PG,25
"OPEN AFRICAN",7,PG,26
"OPPOSITE NECKLACE",7,PG,27
"OSCAR GOLD",7,PG,28
"OTHERS SOUP",7,PG,29
"PARTY KNOCK",7,PG,30
"PEAK FOREVER",7,PG,31
"PRIVATE DROP",7,PG,32
"RECORDS ZORRO",7,PG,33
"ROOM ROMAN",7,PG,34
"SANTA PARIS",7,PG,35
"SENSIBILITY REAR",7,PG,36
"SHANGHAI TYCOON",7,PG,37
"SKY MIRACLE",7,PG,38
"STOCK GLASS",7,PG,39
"UNFORGIVEN ZOOLANDER",7,PG,40
"VOLUME HOUSE",7,PG,41
"WAGON JAWS",7,PG,42
"WALLS ARTIST",7,PG,43
"WASTELAND DIVINE",7,PG,44
"WON DARES",7,PG,45
"ACADEMY DINOSAUR",6,PG,46
"ALASKA PHANTOM",6,PG,47
"AMADEUS HOLY",6,PG,48
"BEDAZZLED MARRIED",6,PG,49
"BILL OTHERS",6,PG,50
"CHAINSAW UPTOWN",6,PG,51
"CHILL LUCK",6,PG,52
"CROW GREASE",6,PG,53
"DREAM PICKUP",6,PG,54
"DRUMS DYNAMITE",6,PG,55
"EFFECT GLADIATOR",6,PG,56
"FATAL HAUNTED",6,PG,57
"FRISCO FORREST",6,PG,58
"FULL FLATLINERS",6,PG,59
"GLADIATOR WESTWARD",6,PG,60
"HURRICANE AFFAIR",6,PG,61
"JERSEY SASSY",6,PG,62
"LION UNCUT",6,PG,63
"MONSOON CAUSE",6,PG,64
"MONSTER SPARTACUS",6,PG,65
"MOVIE SHAKESPEARE",6,PG,66
"MURDER ANTITRUST",6,PG,67
"PATRIOT ROMAN",6,PG,68
"PILOT HOOSIERS",6,PG,69
"POLISH BROOKLYN",6,PG,70
"PRESIDENT BANG",6,PG,71
"PUNK DIVORCE",6,PG,72
"RESURRECTION SILVERADO",6,PG,73
"SECRET GROUNDHOG",6,PG,74
"SHAWSHANK BUBBLE",6,PG,75
"SNATCH SLIPPER",6,PG,76
"STEERS ARMAGEDDON",6,PG,77
"SWEDEN SHINING",6,PG,78
"TADPOLE PARK",6,PG,79
"TALENTED HOMICIDE",6,PG,80
"TEQUILA PAST",6,PG,81
"TOMATOES HELLFIGHTERS",6,PG,82
"TRADING PINOCCHIO",6,PG,83
"TROUBLE DATE",6,PG,84
"BOUND CHEAPER",5,PG,85
"CENTER DINOSAUR",5,PG,86
"DYING MAKER",5,PG,87
"FRENCH HOLIDAY",5,PG,88
"FROST HEAD",5,PG,89
"HYSTERICAL GRAIL",5,PG,90
"INVASION CYCLONE",5,PG,91
"JAWBREAKER BROOKLYN",5,PG,92
"KENTUCKIAN GIANT",5,PG,93
"LIAISONS SWEET",5,PG,94
"LOSER HUSTLER",5,PG,95
"MAJESTIC FLOATS",5,PG,96
"MANCHURIAN CURTAIN",5,PG,97
"MOTIONS DETAILS",5,PG,98
"MOURNING PURPLE",5,PG,99
"MUPPET MILE",5,PG,100
"NORTHWEST POLISH",5,PG,101
"OLEANDER CLUE",5,PG,102
"POLLOCK DELIVERANCE",5,PG,103
"POTTER CONNECTICUT",5,PG,104
"QUEEN LUKE",5,PG,105
"RIDER CADDYSHACK",5,PG,106
"SABRINA MIDNIGHT",5,PG,107
"SECRETARY ROUGE",5,PG,108
"SHANE DARKNESS",5,PG,109
"SLUMS DUCK",5,PG,110
"SPLASH GUMP",5,PG,111
"STAR OPERATION",5,PG,112
"SUPER WYOMING",5,PG,113
"SUPERFLY TRIP",5,PG,114
"TEMPLE ATTRACTION",5,PG,115
"UPTOWN YOUNG",5,PG,116
"WATCH TRACY",5,PG,117
"ALI FOREVER",4,PG,118
"ARSENIC INDEPENDENCE",4,PG,119
"BIRCH ANTITRUST",4,PG,120
"BRANNIGAN SUNRISE",4,PG,121
"CAROL TEXAS",4,PG,122
"CHAMPION FLATLINERS",4,PG,123
"COAST RAINBOW",4,PG,124
"DALMATIONS SWEDEN",4,PG,125
"DAWN POND",4,PG,126
"EGG IGBY",4,PG,127
"EVERYONE CRAFT",4,PG,128
"FICTION CHRISTMAS",4,PG,129
"FIREBALL PHILADELPHIA",4,PG,130
"GASLIGHT CRUSADE",4,PG,131
"GOODFELLAS SALUTE",4,PG,132
"HATE HANDICAP",4,PG,133
"HORN WORKING",4,PG,134
"INSTINCT AIRPORT",4,PG,135
"JEKYLL FROGMEN",4,PG,136
"LADY STAGE",4,PG,137
"LOLA AGENT",4,PG,138
"MALLRATS UNITED",4,PG,139
"MASSAGE IMAGE",4,PG,140
"MILE MULAN",4,PG,141
"MOCKINGBIRD HOLLYWOOD",4,PG,142
"NEWTON LABYRINTH",4,PG,143
"PATTON INTERVIEW",4,PG,144
"PELICAN COMFORTS",4,PG,145
"PINOCCHIO SIMON",4,PG,146
"PIRATES ROXANNE",4,PG,147
"SEA VIRGIN",4,PG,148
"SILVERADO GOLDFINGER",4,PG,149
"SLEEPY JAPANESE",4,PG,150
"STAGE WORLD",4,PG,151
"SUSPECTS QUILLS",4,PG,152
"TITANS JERK",4,PG,153
"TRAMP OTHERS",4,PG,154
"TWISTED PIRATES",4,PG,155
"WIZARD COLDBLOODED",4,PG,156
"WONDERLAND CHRISTMAS",4,PG,157
"WORST BANGER",4,PG,158
"AGENT TRUMAN",3,PG,159
"ARIZONA BANG",3,PG,160
"BEHAVIOR RUNAWAY",3,PG,161
"CHARADE DUFFEL",3,PG,162
"CHICKEN HELLFIGHTERS",3,PG,163
"COWBOY DOOM",3,PG,164
"DISCIPLE MOTHER",3,PG,165
"EGYPT TENENBAUMS",3,PG,166
"EXPENDABLE STALLION",3,PG,167
"FERRIS MOTHER",3,PG,168
"FOOL MOCKINGBIRD",3,PG,169
"GABLES METROPOLIS",3,PG,170
"GRAFFITI LOVE",3,PG,171
"GRIT CLOCKWORK",3,PG,172
"HELLFIGHTERS SIERRA",3,PG,173
"LOVELY JINGLE",3,PG,174
"MAGIC MALLRATS",3,PG,175
"MAIDEN HOME",3,PG,176
"MODERN DORADO",3,PG,177
"MONEY HAROLD",3,PG,178
"NECKLACE OUTBREAK",3,PG,179
"NIGHTMARE CHILL",3,PG,180
"PAPI NECKLACE",3,PG,181
"PATHS CONTROL",3,PG,182
"PET HAUNTING",3,PG,183
"RAINBOW SHOCK",3,PG,184
"RANGE MOONWALKER",3,PG,185
"RUSH GOODFELLAS",3,PG,186
"SQUAD FISH",3,PG,187
"SUGAR WONKA",3,PG,188
"TELEGRAPH VOYAGE",3,PG,189
"TOOTSIE PILOT",3,PG,190
"TREATMENT JEKYLL",3,PG,191
"TROJAN TOMORROW",3,PG,192
"WEDDING APOLLO",3,PG,193
"WORDS HUNTER",3,PG,194
"ARGONAUTS TOWN",7,PG-13,1
"BRAVEHEART HUMAN",7,PG-13,2
"CELEBRITY HORN",7,PG-13,3
"CLOCKWORK PARADISE",7,PG-13,4
"CONFESSIONS MAGUIRE",7,PG-13,5
"CONTACT ANONYMOUS",7,PG-13,6
"CURTAIN VIDEOTAPE",7,PG-13,7
"DARES PLUTO",7,PG-13,8
"DARLING BREAKING",7,PG-13,9
"DOLLS RAGE",7,PG-13,10
"GAMES BOWFINGER",7,PG-13,11
"GANDHI KWAI",7,PG-13,12
"GLORY TRACY",7,PG-13,13
"HOLIDAY GAMES",7,PG-13,14
"LOVERBOY ATTACKS",7,PG-13,15
"LUCKY FLYING",7,PG-13,16
"MADRE GABLES",7,PG-13,17
"NOTTING SPEAKEASY",7,PG-13,18
"ORDER BETRAYED",7,PG-13,19
"OUTLAW HANKY",7,PG-13,20
"PARIS WEEKEND",7,PG-13,21
"PERFECT GROOVE",7,PG-13,22
"PHILADELPHIA WIFE",7,PG-13,23
"POND SEATTLE",7,PG-13,24
"REDS POCUS",7,PG-13,25
"RESERVOIR ADAPTATION",7,PG-13,26
"RIGHT CRANES",7,PG-13,27
"ROBBERS JOON",7,PG-13,28
"SADDLE ANTITRUST",7,PG-13,29
"SHOCK CABIN",7,PG-13,30
"SHREK LICENSE",7,PG-13,31
"SINNERS ATLANTIS",7,PG-13,32
"SLEEPING SUSPECTS",7,PG-13,33
"SMOKING BARBARELLA",7,PG-13,34
"SPEED SUIT",7,PG-13,35
"SPINAL ROCKY",7,PG-13,36
"STREAK RIDGEMONT",7,PG-13,37
"TRAINSPOTTING STRANGERS",7,PG-13,38
"TRIP NEWTON",7,PG-13,39
"UNCUT SUICIDES",7,PG-13,40
"UNDEFEATED DALMATIONS",7,PG-13,41
"VALENTINE VANISHING",7,PG-13,42
"VIETNAM SMOOCHY",7,PG-13,43
"WANDA CHAMBER",7,PG-13,44
"AIRPLANE SIERRA",6,PG-13,45
"ALTER VICTORY",6,PG-13,46
"BEETHOVEN EXORCIST",6,PG-13,47
"BLINDNESS GUN",6,PG-13,48
"BUTCH PANTHER",6,PG-13,49
"CHICAGO NORTH",6,PG-13,50
"CLEOPATRA DEVIL",6,PG-13,51
"CONGENIALITY QUEST",6,PG-13,52
"CROOKED FROGMEN",6,PG-13,53
"DEEP CRUSADE",6,PG-13,54
"DIVIDE MONSTER",6,PG-13,55
"FANTASY TROOPERS",6,PG-13,56
"FLOATS GARDEN",6,PG-13,57
"FRONTIER CABIN",6,PG-13,58
"GROUNDHOG UNCUT",6,PG-13,59
"HALF OUTFIELD",6,PG-13,60
"HALLOWEEN NUTS",6,PG-13,61
"HOMICIDE PEACH",6,PG-13,62
"HOTEL HAPPINESS",6,PG-13,63
"IMPACT ALADDIN",6,PG-13,64
"INTOLERABLE INTENTIONS",6,PG-13,65
"JINGLE SAGEBRUSH",6,PG-13,66
"LABYRINTH LEAGUE",6,PG-13,67
"LAMBS CINCINATTI",6,PG-13,68
"LEATHERNECKS DWARFS",6,PG-13,69
"LEBOWSKI SOLDIERS",6,PG-13,70
"MALTESE HOPE",6,PG-13,71
"MASKED BUBBLE",6,PG-13,72
"MATRIX SNOWMAN",6,PG-13,73
"METAL ARMAGEDDON",6,PG-13,74
"MICROCOSMOS PARADISE",6,PG-13,75
"MIXED DOORS",6,PG-13,76
"NASH CHOCOLAT",6,PG-13,77
"OCTOBER SUBMARINE",6,PG-13,78
"PLATOON INSTINCT",6,PG-13,79
"POSEIDON FOREVER",6,PG-13,80
"PREJUDICE OLEANDER",6,PG-13,81
"REAP UNFAITHFUL",6,PG-13,82
"RUSHMORE MERMAID",6,PG-13,83
"SHAKESPEARE SADDLE",6,PG-13,84
"SHOOTIST SUPERFLY",6,PG-13,85
"SPEAKEASY DATE",6,PG-13,86
"SPY MILE",6,PG-13,87
"TELEMARK HEARTBREAKERS",6,PG-13,88
"VICTORY ACADEMY",6,PG-13,89
"VIRGIN DAISY",6,PG-13,90
"VOICE PEACH",6,PG-13,91
"VOYAGE LEGALLY",6,PG-13,92
"WRONG BEHAVIOR",6,PG-13,93
"WYOMING STORM",6,PG-13,94
"ANTHEM LUKE",5,PG-13,95
"APOLLO TEEN",5,PG-13,96
"ATTACKS HATE",5,PG-13,97
"ATTRACTION NEWTON",5,PG-13,98
"BERETS AGENT",5,PG-13,99
"BINGO TALENTED",5,PG-13,100
"BLADE POLISH",5,PG-13,101
"CIRCUS YOUTH",5,PG-13,102
"COMMAND DARLING",5,PG-13,103
"DRIFTER COMMANDMENTS",5,PG-13,104
"EVOLUTION ALTER",5,PG-13,105
"EXPECATIONS NATURAL",5,PG-13,106
"FALCON VOLUME",5,PG-13,107
"FREEDOM CLEOPATRA",5,PG-13,108
"HARRY IDAHO",5,PG-13,109
"HAWK CHILL",5,PG-13,110
"HOBBIT ALIEN",5,PG-13,111
"HUNTER ALTER",5,PG-13,112
"JACKET FRISCO",5,PG-13,113
"KISS GLORY",5,PG-13,114
"KWAI HOMEWARD",5,PG-13,115
"LEAGUE HELLFIGHTERS",5,PG-13,116
"LORD ARIZONA",5,PG-13,117
"LOUISIANA HARRY",5,PG-13,118
"NAME DETECTIVE",5,PG-13,119
"NETWORK PEAK",5,PG-13,120
"PARADISE SABRINA",5,PG-13,121
"PAST SUICIDES",5,PG-13,122
"PSYCHO SHRUNK",5,PG-13,123
"ROLLERCOASTER BRINGING",5,PG-13,124
"ROSES TREASURE",5,PG-13,125
"SAVANNAH TOWN",5,PG-13,126
"SCHOOL JACKET",5,PG-13,127
"SISTER FREDDY",5,PG-13,128
"SLIPPER FIDELITY",5,PG-13,129
"SPIRITED CASUALTIES",5,PG-13,130
"STALLION SUNDANCE",5,PG-13,131
"THEORY MERMAID",5,PG-13,132
"THIEF PELICAN",5,PG-13,133
"THIN SAGEBRUSH",5,PG-13,134
"USUAL UNTOUCHABLES",5,PG-13,135
"VISION TORQUE",5,PG-13,136
"ARACHNOPHOBIA ROLLERCOASTER",4,PG-13,137
"BASIC EASY",4,PG-13,138
"BREAKING HOME",4,PG-13,139
"BRIGHT ENCOUNTERS",4,PG-13,140
"CLUB GRAFFITI",4,PG-13,141
"CLYDE THEORY",4,PG-13,142
"CONSPIRACY SPIRIT",4,PG-13,143
"DETECTIVE VISION",4,PG-13,144
"DRIVER ANNIE",4,PG-13,145
"DYNAMITE TARZAN",4,PG-13,146
"ELEPHANT TROJAN",4,PG-13,147
"EYES DRIVING",4,PG-13,148
"FACTORY DRAGON",4,PG-13,149
"FLAMINGOS CONNECTICUT",4,PG-13,150
"GANGS PRIDE",4,PG-13,151
"GATHERING CALENDAR",4,PG-13,152
"HUNCHBACK IMPOSSIBLE",4,PG-13,153
"IDENTITY LOVER",4,PG-13,154
"JUGGLER HARDLY",4,PG-13,155
"KARATE MOON",4,PG-13,156
"KNOCK WARLOCK",4,PG-13,157
"LOST BIRD",4,PG-13,158
"MADNESS ATTACKS",4,PG-13,159
"MAGNOLIA FORRESTER",4,PG-13,160
"MAKER GABLES",4,PG-13,161
"METROPOLIS COMA",4,PG-13,162
"MILLION ACE",4,PG-13,163
"MOONSHINE CABIN",4,PG-13,164
"MOULIN WAKE",4,PG-13,165
"NATURAL STOCK",4,PG-13,166
"ORANGE GRAPES",4,PG-13,167
"PAYCHECK WAIT",4,PG-13,168
"PITTSBURGH HUNCHBACK",4,PG-13,169
"RAIDERS ANTITRUST",4,PG-13,170
"RIVER OUTLAW",4,PG-13,171
"ROCKY WAR",4,PG-13,172
"ROOTS REMEMBER",4,PG-13,173
"RUGRATS SHAKESPEARE",4,PG-13,174
"SEATTLE EXPECATIONS",4,PG-13,175
"SNATCHERS MONTEZUMA",4,PG-13,176
"SWARM GOLD",4,PG-13,177
"TAXI KICK",4,PG-13,178
"TENENBAUMS COMMAND",4,PG-13,179
"TOURIST PELICAN",4,PG-13,180
"TRANSLATION SUMMER",4,PG-13,181
"VILLAIN DESPERATE",4,PG-13,182
"WHALE BIKINI",4,PG-13,183
"WHISPERER GIANT",4,PG-13,184
"ALABAMA DEVIL",3,PG-13,185
"BACKLASH UNDEFEATED",3,PG-13,186
"BILKO ANONYMOUS",3,PG-13,187
"CASPER DRAGONFLY",3,PG-13,188
"CONFUSED CANDLES",3,PG-13,189
"CORE SUIT",3,PG-13,190
"DAUGHTER MADIGAN",3,PG-13,191
"DESTINATION JERK",3,PG-13,192
"ENGLISH BULWORTH",3,PG-13,193
"FEATHERS METAL",3,PG-13,194
"FLINTSTONES HAPPINESS",3,PG-13,195
"FURY MURDER",3,PG-13,196
"GUNFIGHTER MUSSOLINI",3,PG-13,197
"IDAHO LOVE",3,PG-13,198
"IMAGE PRINCESS",3,PG-13,199
"INNOCENT USUAL",3,PG-13,200
"INTENTIONS EMPIRE",3,PG-13,201
"KICK SAVANNAH",3,PG-13,202
"MANNEQUIN WORST",3,PG-13,203
"MINDS TRUMAN",3,PG-13,204
"MINE TITANS",3,PG-13,205
"MIRACLE VIRTUAL",3,PG-13,206
"MISSION ZOOLANDER",3,PG-13,207
"PACKER MADIGAN",3,PG-13,208
"PARK CITIZEN",3,PG-13,209
"PEACH INNOCENT",3,PG-13,210
"PERSONAL LADYBUGS",3,PG-13,211
"REIGN GENTLEMEN",3,PG-13,212
"RIDGEMONT SUBMARINE",3,PG-13,213
"ROCKETEER MOTHER",3,PG-13,214
"SCARFACE BANG",3,PG-13,215
"SHOW LORD",3,PG-13,216
"SONG HEDWIG",3,PG-13,217
"STRICTLY SCARFACE",3,PG-13,218
"SUNRISE LEAGUE",3,PG-13,219
"TARZAN VIDEOTAPE",3,PG-13,220
"TREASURE COMMAND",3,PG-13,221
"WAIT CIDER",3,PG-13,222
"WORLD LEATHERNECKS",3,PG-13,223
"BROOKLYN DESERT",7,R,1
"CANYON STOCK",7,R,2
"DINOSAUR SECRETARY",7,R,3
"ESCAPE METROPOLIS",7,R,4
"FLIGHT LIES",7,R,5
"FREAKY POCUS",7,R,6
"FUGITIVE MAGUIRE",7,R,7
"GHOSTBUSTERS ELF",7,R,8
"GONE TROUBLE",7,R,9
"GREEDY ROOTS",7,R,10
"GRINCH MASSAGE",7,R,11
"HAMLET WISDOM",7,R,12
"HARDLY ROBBERS",7,R,13
"HOME PITY",7,R,14
"HOUSE DYNAMITE",7,R,15
"JET NEIGHBORS",7,R,16
"KILLER INNOCENT",7,R,17
"LIGHTS DEER",7,R,18
"LOCK REAR",7,R,19
"MUSIC BOONDOCK",7,R,20
"ROOF CHAMPION",7,R,21
"SATURN NAME",7,R,22
"SHEPHERD MIDSUMMER",7,R,23
"SIEGE MADRE",7,R,24
"SILENCE KANE",7,R,25
"SLACKER LIAISONS",7,R,26
"SMOOCHY CONTROL",7,R,27
"SOLDIERS EVOLUTION",7,R,28
"SPIRIT FLINTSTONES",7,R,29
"STORY SIDE",7,R,30
"UNFAITHFUL KILL",7,R,31
"WASH HEAVENLY",7,R,32
"WORKER TARZAN",7,R,33
"AIRPORT POLLOCK",6,R,34
"ANALYZE HOOSIERS",6,R,35
"APOCALYPSE FLAMINGOS",6,R,36
"BADMAN DAWN",6,R,37
"BOOGIE AMELIE",6,R,38
"CLONES PINOCCHIO",6,R,39
"COMMANDMENTS EXPRESS",6,R,40
"DEVIL DESIRE",6,R,41
"DISTURBING SCARFACE",6,R,42
"DROP WATERFRONT",6,R,43
"DURHAM PANKY",6,R,44
"FEUD FROGMEN",6,R,45
"FRIDA SLIPPER",6,R,46
"GOLDMINE TYCOON",6,R,47
"HIGHBALL POTTER",6,R,48
"HOLOCAUST HIGHBALL",6,R,49
"HOLY TADPOLE",6,R,50
"LOVE SUICIDES",6,R,51
"MASSACRE USUAL",6,R,52
"MAUDE MOD",6,R,53
"REQUIEM TYCOON",6,R,54
"RULES HUMAN",6,R,55
"SHRUNK DIVINE",6,R,56
"SOUP WISDOM",6,R,57
"TOWN ARK",6,R,58
"WILLOW TRACY",6,R,59
"WIND PHANTOM",6,R,60
"BANGER PINOCCHIO",5,R,61
"CAMPUS REMEMBER",5,R,62
"CHARIOTS CONSPIRACY",5,R,63
"CLOSER BANG",5,R,64
"COMANCHEROS ENEMY",5,R,65
"DOUBTFIRE LABYRINTH",5,R,66
"ENTRAPMENT SATISFACTION",5,R,67
"EXPRESS LONELY",5,R,68
"FEVER EMPIRE",5,R,69
"FIRE WOLVES",5,R,70
"FROGMEN BREAKING",5,R,71
"GIANT TROOPERS",5,R,72
"GILMORE BOILED",5,R,73
"GRACELAND DYNAMITE",5,R,74
"GROSSE WONDERFUL",5,R,75
"HAUNTING PIANIST",5,R,76
"HOMEWARD CIDER",5,R,77
"ICE CROSSING",5,R,78
"KANE EXORCIST",5,R,79
"MADIGAN DORADO",5,R,80
"OPUS ICE",5,R,81
"PLUTO OLEANDER",5,R,82
"QUEST MUSSOLINI",5,R,83
"REMEMBER DIARY",5,R,84
"ROXANNE REBEL",5,R,85
"SHIP WONDERLAND",5,R,86
"SLING LUKE",5,R,87
"SPLENDOR PATTON",5,R,88
"STAGECOACH ARMAGEDDON",5,R,89
"STAMPEDE DISTURBING",5,R,90
"STREETCAR INTENTIONS",5,R,91
"SUBMARINE BED",5,R,92
"SUN CONFESSIONS",5,R,93
"TERMINATOR CLUB",5,R,94
"TIGHTS DAWN",5,R,95
"VANISHED GARDEN",5,R,96
"VIRGINIAN PLUTO",5,R,97
"WEEKEND PERSONAL",5,R,98
"YENTL IDAHO",5,R,99
"ZOOLANDER FICTION",5,R,100
"AMELIE HELLFIGHTERS",4,R,101
"ANYTHING SAVANNAH",4,R,102
"ARMY FLINTSTONES",4,R,103
"BEAR GRACELAND",4,R,104
"BUBBLE GROSSE",4,R,105
"CANDIDATE PERDITION",4,R,106
"CLUELESS BUCKET",4,R,107
"CONNECTICUT TRAMP",4,R,108
"CONVERSATION DOWNHILL",4,R,109
"CROSSING DIVORCE",4,R,110
"CRUSADE HONEY",4,R,111
"CUPBOARD SINNERS",4,R,112
"DATE SPEED",4,R,113
"DELIVERANCE MULHOLLAND",4,R,114
"DESERT POSEIDON",4,R,115
"DETAILS PACKER",4,R,116
"DIVINE RESURRECTION",4,R,117
"DOOM DANCING",4,R,118
"DOUBLE WRATH",4,R,119
"FAMILY SWEET",4,R,120
"FIDDLER LOST",4,R,121
"FINDING ANACONDA",4,R,122
"FISH OPUS",4,R,123
"FORREST SONS",4,R,124
"GALAXY SWEETHEARTS",4,R,125
"GOLD RIVER",4,R,126
"GORGEOUS BINGO",4,R,127
"GUYS FALCON",4,R,128
"HANDICAP BOONDOCK",4,R,129
"HEAD STRANGER",4,R,130
"ILLUSION AMELIE",4,R,131
"INTERVIEW LIAISONS",4,R,132
"ISHTAR ROCKETEER",4,R,133
"LOATHING LEGALLY",4,R,134
"MADISON TRAP",4,R,135
"OZ LIAISONS",4,R,136
"PRIX UNDEFEATED",4,R,137
"PURPLE MOVIE",4,R,138
"QUILLS BULL",4,R,139
"RAGE GAMES",4,R,140
"RAGING AIRPLANE",4,R,141
"ROAD ROXANNE",4,R,142
"ROBBERY BRIGHT",4,R,143
"SALUTE APOLLO",4,R,144
"SENSE GREEK",4,R,145
"SEVEN SWARM",4,R,146
"SOUTH WAIT",4,R,147
"STRANGERS GRAFFITI",4,R,148
"VACATION BOONDOCK",4,R,149
"VERTIGO NORTHWEST",4,R,150
"WILD APOLLO",4,R,151
"WOMEN DORADO",4,R,152
"WORKING MICROCOSMOS",4,R,153
"ALONE TRIP",3,R,154
"AMERICAN CIRCUS",3,R,155
"ANACONDA CONFESSIONS",3,R,156
"BEAST HUNCHBACK",3,R,157
"BEVERLY OUTLAW",3,R,158
"BOULEVARD MOB",3,R,159
"BROTHERHOOD BLANKET",3,R,160
"CAUSE DATE",3,R,161
"CHANCE RESURRECTION",3,R,162
"CHOCOLATE DUCK",3,R,163
"CROWDS TELEMARK",3,R,164
"EARRING INSTINCT",3,R,165
"FIGHT JAWBREAKER",3,R,166
"GO PURPLE",3,R,167
"HIGH ENCINO",3,R,168
"HONEY TIES",3,R,169
"HORROR REIGN",3,R,170
"JEEPERS WEDDING",3,R,171
"JEOPARDY ENCINO",3,R,172
"KISSING DOLLS",3,R,173
"KRAMER CHOCOLATE",3,R,174
"LOSE INCH",3,R,175
"MAGNIFICENT CHITTY",3,R,176
"MOTHER OLEANDER",3,R,177
"NEIGHBORS CHARADE",3,R,178
"ORIENT CLOSER",3,R,179
"PAJAMA JAWBREAKER",3,R,180
"REUNION WITCHES",3,R,181
"RUN PACIFIC",3,R,182
"STRAIGHT HOURS",3,R,183
"SUIT WALLS",3,R,184
"SWEET BROTHERHOOD",3,R,185
"TIES HUNGER",3,R,186
"TITANIC BOONDOCK",3,R,187
"TOMORROW HUSTLER",3,R,188
"TRAIN BUNCH",3,R,189
"TROOPERS METAL",3,R,190
"TUXEDO MILE",3,R,191
"UNITED PILOT",3,R,192
"VELVET TERMINATOR",3,R,193
"WINDOW SIDE",3,R,194
"WISDOM WORKER",3,R,195
"ADAPTATION HOLES",7,NC-17,1
"ANONYMOUS HUMAN",7,NC-17,2
"BIKINI BORROWERS",7,NC-17,3
"BOONDOCK BALLROOM",7,NC-17,4
"BOWFINGER GABLES",7,NC-17,5
"CHAMBER ITALIAN",7,NC-17,6
"CHAPLIN LICENSE",7,NC-17,7
"CHRISTMAS MOONSHINE",7,NC-17,8
"CONEHEADS SMOOCHY",7,NC-17,9
"DECEIVER BETRAYED",7,NC-17,10
"DEER VIRGINIAN",7,NC-17,11
"DESIRE ALIEN",7,NC-17,12
"DIRTY ACE",7,NC-17,13
"EARTH VISION",7,NC-17,14
"ELIZABETH SHANE",7,NC-17,15
"ENOUGH RAGING",7,NC-17,16
"FOREVER CANDIDATE",7,NC-17,17
"FORRESTER COMANCHEROS",7,NC-17,18
"FRANKENSTEIN STRANGER",7,NC-17,19
"HEDWIG ALTER",7,NC-17,20
"HOLLOW JEOPARDY",7,NC-17,21
"IGBY MAKER",7,NC-17,22
"IMPOSSIBLE PREJUDICE",7,NC-17,23
"ISLAND EXORCIST",7,NC-17,24
"LAWRENCE LOVE",7,NC-17,25
"LICENSE WEEKEND",7,NC-17,26
"LIES TREATMENT",7,NC-17,27
"LUCK OPUS",7,NC-17,28
"NOTORIOUS REUNION",7,NC-17,29
"PATIENT SISTER",7,NC-17,30
"PERDITION FARGO",7,NC-17,31
"RACER EGG",7,NC-17,32
"ROMAN PUNK",7,NC-17,33
"STEPMOM DREAM",7,NC-17,34
"TEXAS WATCH",7,NC-17,35
"TOWERS HURRICANE",7,NC-17,36
"VANILLA DAY",7,NC-17,37
"VARSITY TRIP",7,NC-17,38
"WESTWARD SEABISCUIT",7,NC-17,39
"WOLVES DESIRE",7,NC-17,40
"ALADDIN CALENDAR",6,NC-17,41
"ALICE FANTASIA",6,NC-17,42
"ALLEY EVOLUTION",6,NC-17,43
"ARABIA DOGMA",6,NC-17,44
"ARK RIDGEMONT",6,NC-17,45
"BENEATH RUSH",6,NC-17,46
"BULL SHAWSHANK",6,NC-17,47
"CANDLES GRAPES",6,NC-17,48
"CLUE GRAIL",6,NC-17,49
"COMA HEAD",6,NC-17,50
"CONFIDENTIAL INTERVIEW",6,NC-17,51
"CRAFT OUTFIELD",6,NC-17,52
"CRYSTAL BREAKING",6,NC-17,53
"DARKNESS WAR",6,NC-17,54
"DOZEN LION",6,NC-17,55
"DRAGONFLY STRANGERS",6,NC-17,56
"DRIVING POLISH",6,NC-17,57
"EARLY HOME",6,NC-17,58
"ELEMENT FREDDY",6,NC-17,59
"ENDING CROWDS",6,NC-17,60
"FELLOWSHIP AUTUMN",6,NC-17,61
"FLYING HOOK",6,NC-17,62
"FORWARD TEMPLE",6,NC-17,63
"FREDDY STORM",6,NC-17,64
"GENTLEMEN STAGE",6,NC-17,65
"GROOVE FICTION",6,NC-17,66
"HAROLD FRENCH",6,NC-17,67
"HAUNTED ANTITRUST",6,NC-17,68
"HUNTING MUSKETEERS",6,NC-17,69
"INCH JET",6,NC-17,70
"JADE BUNCH",6,NC-17,71
"JUNGLE CLOSER",6,NC-17,72
"MAGUIRE APACHE",6,NC-17,73
"MARS ROMAN",6,NC-17,74
"MASK PEACH",6,NC-17,75
"MOD SECRETARY",6,NC-17,76
"MONTEZUMA COMMAND",6,NC-17,77
"ODDS BOOGIE",6,NC-17,78
"OUTBREAK DIVINE",6,NC-17,79
"PHANTOM GLORY",6,NC-17,80
"PIANIST OUTFIELD",6,NC-17,81
"POCUS PULP",6,NC-17,82
"PRIDE ALAMO",6,NC-17,83
"RANDOM GO",6,NC-17,84
"REAR TRADING",6,NC-17,85
"RUNAWAY TENENBAUMS",6,NC-17,86
"RUNNER MADIGAN",6,NC-17,87
"SCALAWAG DUCK",6,NC-17,88
"SEABISCUIT PUNK",6,NC-17,89
"SORORITY QUEEN",6,NC-17,90
"STORM HAPPINESS",6,NC-17,91
"SUNSET RACER",6,NC-17,92
"UPRISING UPTOWN",6,NC-17,93
"VOLCANO TEXAS",6,NC-17,94
"WITCHES PANIC",6,NC-17,95
"WONKA SEA",6,NC-17,96
"ZHIVAGO CORE",6,NC-17,97
"ALIEN CENTER",5,NC-17,98
"ANTITRUST TOMATOES",5,NC-17,99
"APACHE DIVINE",5,NC-17,100
"ARTIST COLDBLOODED",5,NC-17,101
"BABY HALL",5,NC-17,102
"BALLOON HOMEWARD",5,NC-17,103
"BANG KWAI",5,NC-17,104
"BED HIGHBALL",5,NC-17,105
"BETRAYED REAR",5,NC-17,106
"CASSIDY WYOMING",5,NC-17,107
"CHOCOLAT HARRY",5,NC-17,108
"CINCINATTI WHISPERER",5,NC-17,109
"CRANES RESERVOIR",5,NC-17,110
"CREEPERS KANE",5,NC-17,111
"DORADO NOTTING",5,NC-17,112
"DUMBO LUST",5,NC-17,113
"EDGE KISSING",5,NC-17,114
"ENCOUNTERS CURTAIN",5,NC-17,115
"ENEMY ODDS",5,NC-17,116
"GLEAMING JAWBREAKER",5,NC-17,117
"GREATEST NORTH",5,NC-17,118
"GUNFIGHT MOON",5,NC-17,119
"HALL CASSIDY",5,NC-17,120
"HANKY OCTOBER",5,NC-17,121
"HANOVER GALAXY",5,NC-17,122
"HEAVENLY GUN",5,NC-17,123
"IDOLS SNATCHERS",5,NC-17,124
"INDEPENDENCE HOTEL",5,NC-17,125
"INSIDER ARIZONA",5,NC-17,126
"JASON TRAP",5,NC-17,127
"LANGUAGE COWBOY",5,NC-17,128
"LUKE MUMMY",5,NC-17,129
"MERMAID INSECTS",5,NC-17,130
"MYSTIC TRUMAN",5,NC-17,131
"NEMO CAMPUS",5,NC-17,132
"NUTS TIES",5,NC-17,133
"PANTHER REDS",5,NC-17,134
"PITY BOUND",5,NC-17,135
"REEF SALUTE",5,NC-17,136
"SPICE SORORITY",5,NC-17,137
"SUNDANCE INVASION",5,NC-17,138
"UNTOUCHABLES SUNRISE",5,NC-17,139
"WRATH MILE",5,NC-17,140
"BIRDCAGE CASPER",4,NC-17,141
"CABIN FLASH",4,NC-17,142
"CALENDAR GUNFIGHT",4,NC-17,143
"CALIFORNIA BIRDS",4,NC-17,144
"DONNIE ALLEY",4,NC-17,145
"DRAGON SQUAD",4,NC-17,146
"DUCK RACER",4,NC-17,147
"EAGLES PANKY",4,NC-17,148
"ELF MURDER",4,NC-17,149
"GRAIL FRANKENSTEIN",4,NC-17,150
"HOPE TOOTSIE",4,NC-17,151
"HOURS RAGE",4,NC-17,152
"INDIAN LOVE",4,NC-17,153
"INFORMER DOUBLE",4,NC-17,154
"JUMPING WRATH",4,NC-17,155
"LADYBUGS ARMAGEDDON",4,NC-17,156
"LIFE TWISTED",4,NC-17,157
"LOLITA WORLD",4,NC-17,158
"MEMENTO ZOOLANDER",4,NC-17,159
"MODEL FISH",4,NC-17,160
"NATIONAL STORY",4,NC-17,161
"NORTH TEQUILA",4,NC-17,162
"OUTFIELD MASSACRE",4,NC-17,163
"PIZZA JUMANJI",4,NC-17,164
"SLEUTH ORIENT",4,NC-17,165
"SOMETHING DUCK",4,NC-17,166
"SPARTACUS CHEAPER",4,NC-17,167
"STATE WASTELAND",4,NC-17,168
"STEEL SANTA",4,NC-17,169
"STRANGELOVE DESIRE",4,NC-17,170
"VAMPIRE WHALE",4,NC-17,171
"VIDEOTAPE ARSENIC",4,NC-17,172
"YOUTH KICK",4,NC-17,173
"CADDYSHACK JEDI",3,NC-17,174
"CAMELOT VACATION",3,NC-17,175
"CARIBBEAN LIBERTY",3,NC-17,176
"COMFORTS RUSH",3,NC-17,177
"CREATURES SHAKESPEARE",3,NC-17,178
"DANCES NONE",3,NC-17,179
"DARKO DORADO",3,NC-17,180
"DOORS PRESIDENT",3,NC-17,181
"FLASH WARS",3,NC-17,182
"GODFATHER DIARY",3,NC-17,183
"GUMP DATE",3,NC-17,184
"HUMAN GRAFFITI",3,NC-17,185
"HUSTLER PARTY",3,NC-17,186
"INSECTS STONE",3,NC-17,187
"JERICHO MULAN",3,NC-17,188
"JERK PAYCHECK",3,NC-17,189
"JOON NORTHWEST",3,NC-17,190
"KING EVOLUTION",3,NC-17,191
"LESSON CLEOPATRA",3,NC-17,192
"MUMMY CREATURES",3,NC-17,193
"NONE SPIKING",3,NC-17,194
"PEARL DESTINY",3,NC-17,195
"PRINCESS GIANT",3,NC-17,196
"PURE RUNNER",3,NC-17,197
"REDEMPTION COMFORTS",3,NC-17,198
"ROUGE SQUAD",3,NC-17,199
"SCORPION APOLLO",3,NC-17,200
"SEARCHERS WAIT",3,NC-17,201
"SIERRA DIVIDE",3,NC-17,202
"SIMON NORTH",3,NC-17,203
"SONS INTERVIEW",3,NC-17,204
"STING PERSONAL",3,NC-17,205
"VANISHING ROCKY",3,NC-17,206
"VIRTUAL SPOILERS",3,NC-17,207
"WIFE TURN",3,NC-17,208
"WONDERFUL DROP",3,NC-17,209
"ZORRO ARK",3,NC-17,210
